NovaPeptides.com.au - Profit per Sale (AUD),,,,,,
Prepared,2026-06-23,,,,,
All prices AUD. Cost includes shipping. Change the rate / kit-extras cells to update everything.,,,,,
,,,,,
USD to AUD rate (edit me),1.45,,,,,
Kit extras per kit AUD (edit later),6.00,BAC water + syringe + swabs + packaging,,,,
,,,,,
PROFIT PER SALE - best to lowest,,,,,
Product,Type,Cost AUD,Retail AUD,Profit AUD,Margin %,
Reta 60mg,Full kit,=32.65*$B$5+$B$6,399,=D10-C10,=E10/D10,
Reta 60mg,Vial only,=32.65*$B$5,320,=D11-C11,=E11/D11,
KLOW 80mg,Full kit,=26.96*$B$5+$B$6,230,=D12-C12,=E12/D12,
GLOW 70mg,Full kit,=22.85*$B$5+$B$6,219,=D13-C13,=E13/D13,
KLOW 80mg,Vial only,=26.96*$B$5,195,=D14-C14,=E14/D14,
BPC-157 + TB-500,Full kit,=11.80*$B$5+$B$6,170,=D15-C15,=E15/D15,
GLOW 70mg,Vial only,=22.85*$B$5,179,=D16-C16,=E16/D16,
SS-31 10mg,Full kit,=10.32*$B$5+$B$6,130,=D17-C17,=E17/D17,
BPC-157 + TB-500,Vial only,=11.80*$B$5,120,=D18-C18,=E18/D18,
SS-31 10mg,Vial only,=10.32*$B$5,85,=D19-C19,=E19/D19,
,,,,,
NOTES,,,,,
Profit = Retail - Cost. Cost = landed cost per vial (incl. shipping) x rate; full kits add kit extras (B6).,,,,,
Change rate (B5) or kit extras (B6) and all profit/margin recalculate.,,,,,
Format column F as percentage. Rows are pre-sorted best profit to lowest at the default rate.,,,,,
Reta RT30 and standalone BAC water are not listed - no retail price given yet.,,,,,
